tweet,sentiment
Have a look at the 3 types of #ArtificialIntelligence for better decision-making and smooth integration! üìß sales@ksolves.com üìû +91 8130704295 üåê  https://t.co/34RRw9FIVO  #artificialintelligencetechnology #artificialintelligencetypes #ai #ksolves #ksolvesindia #aiservices  https://t.co/087xBtigSK,positive
3 Ways Artificial Intelligence Is Changing Our World  https://t.co/nhI48yyleg #MachineLearning #DataScience #startup #Python #AI #IoT #flutter #javascript #Serverless #CyberSecurity #innovation #DDoS #DeepLearning #Digital #COVID19 #data #RPA #5G #tech #ArtificialIntelligence,negative
My Core Competence üë®üèΩ‚Äçüîß Industrial Metrology Process Automation Industrial Maintenance Weight and Measures Calibration Volumetric and Flow Calibration  Power Generation #ArtificialIntelligence #construction #DataScience #engineer #Cameroon  https://t.co/EHddNc0gi1,neutral
Implying AI in Business to Evolve from Minimum to Million #ArtificialIntelligence via  https://t.co/mxp4KvycJy  https://t.co/Pv2hQFy7JR,neutral
"Sarah (@grattongirl) and Dean (@grattonboy) talk about #ArtificialIntelligence and how we plan to approach it in our new book, which is being published by @routledgebooks and will be out next year.  https://t.co/AAiuMufdSc   #ML #AI #Podcast @TechUncorked_  https://t.co/LXB87eg9jJ",positive
"10th International Conference on Soft Computing, Artificial Intelligence and Applications (SAI¬†2021)  https://t.co/5B99VZkroY",negative
Facebook Deepfake Ban Policy: Benefits And Loopholes  https://t.co/ztw2tQt3Ek Via  @automeme  #AI #ArtificialIntelligence #Facebook #Deepfake #tech #Policy #socialMedia #Ethics  @vishne0  @joana_ut   @jblefevre60   @m_learningnews   Read More &gt;&gt;,positive
How Can Small Businesses Benefit from AI?  https://t.co/t4QAaZnYdQ   @johnnosta  @terence_mills  @maria_axente  @irmaraste  @terence_mills  @Stevewal63  @ML_today  #SmallBusiness #SmallBiz #ArtificialIntelligence #DigitalMarketing #RemoteWork #B2B #B2C #AI #Marketing,negative
"@BitcoinKafe üéÅ 24% of companies expect to invest between 5 and 10 million USD in blockchain during 2021. Not in cryptocurrency, but blockchain. @Libonomy, the world‚Äôs fastest blockchain will be one of the beneficiaries. üí∞  #artificialintelligence #machincelearning #Libonomy #blockchain",neutral
#NoticiasdeNuestrosClientes   #MachineLearning #AI #ArtificialIntelligence #SmartPorts,neutral
Implying AI in Business to Evolve from Minimum to Million #ArtificialIntelligence via  https://t.co/bDTgBUrl56  https://t.co/r7EcNlTClX,neutral
Where is debt collection heading in India? Towards less muscle and more AI #ArtificialIntelligence via  https://t.co/cBj7YRO2k1  https://t.co/fae9szWnxL,positive
How to Drive your Data Science and AI Projects in Post-Pandemic Era? #ArtificialIntelligence via  https://t.co/a1ZnCCEU0x  https://t.co/1BmZSYW2SZ,neutral
#tommyHauer (Suzanne and Sharon Interview with UK LEADER ...) - #bigdata #onpassivefounderregistration #socialbookmarking #socialinnovation #Advertising #AI #ArtificialIntelligence #Artificialintelligence  https://t.co/a7FJu7TZRr @PaulSamuelson13  #onpassive member of #gofounders  https://t.co/N4iktgRk4a,neutral
"Ping An's AskBob Doctor Top-ranked in Global Artificial Intelligence Competition, Supporting Research, Diagnoses and Treatment Decisions - PRNewswire   https://t.co/dQKVrvQc5K  #ArtificialIntelligence #AI #DataScience #100DaysOfCode #Python #MachineLearning #BigD‚Ä¶",positive
AI Transformation Toward the Future of Health #Transformation #artificialintelligence #health via  https://t.co/q8WLVQmjC3  https://t.co/HRhz0VLDDD,neutral
3 Ways Artificial Intelligence Is Changing Our World - BusinessBecause   https://t.co/QUayPeWLNo  #ArtificialIntelligence #AI #DataScience #100DaysOfCode #Python #MachineLearning #BigData #DeepLearning #NLP #Robots #IoT,negative
@Ms919181 Already happening and future prospect? recommendable to watch: a (complete insane imo) scientist explains:  DNA FREQUENCY BIOWEAPON LINKS TARGETED INDIVIDUALS TO ARTIFICIAL INTELLIGENCE.    https://t.co/FFONouuIc6,negative
"@kfc lovers from coast-to-coast to chat all things chicken with Colonel Sanders himself, including re-ordering their favorite KFC.  https://t.co/fMeBxBYIYq ¬† ¬†#QSR #KFC #ArtificialIntelligence",negative
Check out AMOM an AI powered ETF  https://t.co/ORV3ufGJuN   #ETF #ETFs #ArtificialIntelligence #AI #DataScience #tech,neutral
Start to promote your products and services on Principaut√© de Monaco TV and reach over 7 million potential customers. With our #Artificialintelligence you can reach 400% conversion.  &gt;&gt;  Inquiry:  https://t.co/DzncN9KTRb #advertising #shopping #tvchannel #marketing #MonteCarlo  https://t.co/u1sh9I71NU,neutral
AI safety system offers autonomous vehicle drivers seven seconds warning #ArtificialIntelligence #AI #DataScience #100DaysOfCode #Python #MachineLearning #BigData #DeepLearning #NLP #Robots #IoT   https://t.co/6bYT16u8ji,positive
Start to promote your products and services on Principaut√© de Monaco TV and reach over 7 million potential customers. With our #Artificialintelligence you can reach 400% conversion.  &gt;&gt;  Inquiry:  https://t.co/9BjKBxNbYx #advertising #shopping #tvchannel #marketing #MonteCarlo  https://t.co/0tlNyg5x3x,neutral
This week:  üìåCOFOE: unveiling of online citizens' platform  üìå@EP_Environment pushes for ambitious EU climate law in negotiations with Council  üìå@EP_Legal quizzes @ThierryBreton on artificial intelligence legislation   Details‚§µÔ∏è  https://t.co/zjHBhFXoor,negative
#ArtificialIntelligence &amp; #Whiskey Making: The Perfect Blend?  @BernardMarr   via  @Forbes  #AI  @IanLJones98 @RitupaGhosh @RagusoSergio @Dahl_Consult @avrohomg @Nicochan33 @DeepLearn007@smaksked @AkwyZ @FrRonconi @ravidugh @sallyeaves @NevilleGaunt   https://t.co/S5qH8cLMtt...,positive
The Science of Success    https://t.co/5uYJg4vChY  #Microsoft #AI #textpredictions #Word #success  #ArtificialIntelligence #DeepLearning #DataScience #javascript #serverless #WomenInTech #python #Linux #Flutter #TensorFlow #PyTorch #IoT #FutureOfWork #av  https://t.co/xLM2Or96cD,positive
The Science of Success    https://t.co/5uYJg4vChY  #ArtificialIntelligence #MachineLearning #Python  #AI #DeepLearning #BigData  #DataMining #Algorithms #javascript #java #linux #serverless #Rstats #womenwhocode #ComputerVision #PredictiveAnalytics #av  https://t.co/xLM2Or96cD,positive
"$RDNT RadNet‚Äôs Artificial Intelligence Subsidiary, DeepHealth, Announces FDA Clearance for its AI Mammography Triage Software  https://t.co/DCGIDOkQBu",negative
The Science of Success    https://t.co/5uYJg4vChY  #diversity #experience #tech  #ArtificialIntelligence  #hackathon   @UNESCO #Sustainability  #AI #edutwitter #stem #GirlsWhoCode #CodeNewbie #Python #womenintech #education #SDGs #AnalytiX #techforgood #av  https://t.co/xLM2Or96cD,positive
Tomorrow I'll be talking at the monthly @ai4lam community call about the @ReTV_EU project and using #artificialintelligence in #GLAMs to increase #access to #audiovisual collections  https://t.co/Jd0VimAjbw,neutral
Patent Considerations for Optimizing Immunotherapies with the Help of Artificial Intelligence - Lexology   https://t.co/67GIgEFQCe  #ArtificialIntelligence #AI #DataScience #100DaysOfCode #Python #MachineLearning #BigData #DeepLearning #NLP #Robots #IoT,negative
"Ping An's AskBob Doctor Top-ranked in Global Artificial Intelligence Competition, Supporting Research, Diagnoses and Treatment Decisions - PRNewswire  https://t.co/q1hEBpbFFa #Houston #ArtificialIntelligence #AI",positive
3 Ways Artificial Intelligence Is Changing Our World - BusinessBecause  https://t.co/6kTN2PMVZO #Houston #ArtificialIntelligence #AI,negative
"RadNet's Artificial Intelligence Subsidiary, DeepHealth, Announces FDA Clearance for its AI Mammography Triage Software - GlobeNewswire  https://t.co/U43VpsLIYl #Houston #ArtificialIntelligence #AI",negative
Start to promote your products and services on Principaut√© de Monaco TV and reach over 7 million potential customers. With our #Artificialintelligence you can reach 400% conversion.  &gt;&gt;  Inquiry:  https://t.co/Men9eMy2c0 #advertising #shopping #tvchannel #marketing #MonteCarlo  https://t.co/BVBa81PajH,neutral
Artificial intelligence can help spot traces of natural selection | | Imperial College London  https://t.co/ZPeMuTPFUX  #ArtificialIntelligence,negative
Immigration Policies An Ongoing Concern To AI Researchers. #industry40 #aiforgood #deeplearning  https://t.co/IgD5pDcKhr,neutral
"#News: Global Vehicle Speech Recognition System Market Outlook, Industry Analysis and Prospect 2021-2026 #NLP #artificialintelligence #AI  https://t.co/CQeBQunoDb  https://t.co/PGk0sfY6kk",neutral
#ArtificialIntelligence Policy and Funding in #Canada ..@CriemCirm says&amp;shows..#SDG #DeepLearning #bigdata #innovations #Blockchain #digitaltransformation #investments #startups #technology #AI #Sustainability #inclusive #technology #businessgrowth  https://t.co/THHz57f2cc  https://t.co/NcGZy7oM9K,neutral
Artificial intelligence is about to change how you buy lipstick (and other cosmetics) - TechRadar   https://t.co/VsaF5r9bNi  #ArtificialIntelligence #AI #DataScience #100DaysOfCode #Python #MachineLearning #BigData #DeepLearning #NLP #Robots #IoT,negative
4 Ways #ArtificialIntelligence Can Improve Your #Marketing   @kashthefuturist @mvollmer1 @MikeQuindazzi @reach2ratan @Ronald_vanLoon @jblefevre60@Fabriziobustama  @gvalan @Paula_Piccard @HaroldSinnott @JGrobicki @kuriharan @KirkDBorne @AlanSee  https://t.co/DKcjvFtTAg,neutral
The AI industry will see a compounded annual growth rate of 42.2% between 2020 and  2027.    https://t.co/waQ67BJUlK  #infotechviewmedia #ArtificialIntelligence  #Industry  #Data   #COVID19  #clouds  #DigitalMarketing  #networking  #virtual     https://t.co/3ictvWELrD,neutral
Implying AI in Business to Evolve from Minimum to Million #ArtificialIntelligence   https://t.co/1fh8pplYOO,neutral
"@itsmalaikaaaaa Tons of men (and bots) do this, it is absolutely awful and haram. I am a man and avoid posting my picture because I have worked with Artificial intelligence, people who post pictures of themselves will probably have no rights in the future, it is so easy to use them neferiously.",negative
"@MartinSLewis I would suggest adding a vote option to just ""view results"", some may cast a random vote just to see percentages straight away.",negative
Start to promote your products and services on Principaut√© de Monaco TV and reach over 7 million potential customers. With our #Artificialintelligence you can reach 400% conversion.  &gt;&gt;  Inquiry:  https://t.co/HvRNdKWtaM #advertising #shopping #tvchannel #marketing #MonteCarlo  https://t.co/XuK1LHhjrK,neutral
"IBM Innovation Award 2021 - Appel ouvert ! Th√®se de doctorat avec contribution originale aux Sciences de l'Informatique ou ses applications : Artificial Intelligence, Social Media, Analytics &amp; Big Data, Mobile Computing, Cyber Security, Cloud Computing.  https://t.co/00TTG0Eonv  https://t.co/LhQpyib0kd",negative
Start to promote your products and services on Principaut√© de Monaco TV and reach over 7 million potential customers. With our #Artificialintelligence you can reach 400% conversion.  &gt;&gt;  Inquiry:  https://t.co/6NJuaCZsHI #advertising #shopping #tvchannel #marketing #MonteCarlo  https://t.co/fRHPpnWojn,neutral
Artificial Intelligence: What is Deep Fake Technology and How is it being used? - BBC URDU: €å€Å ÿßŸÜÿ≥ÿßŸÜ ÿßÿµŸÑ€å €Å€í €åÿß ŸÜŸÇŸÑ€åÿü €å€Å ÿ≤ŸÜÿØ€Å €Å€í €åÿß ÿßŸèÿ≥ ÿßŸÜÿ≥ÿßŸÜ ÿ¨€åÿ≥ÿß ÿ¨Ÿà ÿßÿ≥ ÿØŸÜ€åÿß ÿ≥€í ⁄©ÿ¶€å ÿ®ÿ±ÿ≥ Ÿæ€ÅŸÑ€í ÿ¨ÿß ⁄Ü⁄©ÿß €Å€íÿü €å€Å Ÿà€Å ŸÖŸÖ⁄©ŸÜ€Å ÿ≥ŸàÿßŸÑÿßÿ™ €Å€å⁄∫ ÿ¨Ÿà‚Ä¶  https://t.co/M6efpQVsRA #guestpost #guestpostingservice #america  https://t.co/eEeNgasUtV,negative
Start to promote your products and services on Principaut√© de Monaco TV and reach over 7 million potential customers. With our #Artificialintelligence you can reach 400% conversion.  &gt;&gt;  Inquiry:  https://t.co/Um6Xtac6cd #advertising #shopping #tvchannel #marketing #MonteCarlo  https://t.co/8DRbv93y9w,neutral
"#Grateful for the mention, @VerdictUK üì±üì≤ TY @SpirosMargaris üì± üì≤  #Robotics trends: #ArtificialIntelligence leads Twitter mentions in Q1 2021   #AI #BigData #5G #ML #RPA #robots #IoT @KirkDBorne @GlenGilmore @nigewillson @Fabriziobustama @antgrasso    https://t.co/TgqSlWAjBO",neutral
Start to promote your products and services on Principaut√© de Monaco TV and reach over 7 million potential customers. With our #Artificialintelligence you can reach 400% conversion.  &gt;&gt;  Inquiry:  https://t.co/NLU2dA6g4D #advertising #shopping #tvchannel #marketing #MonteCarlo  https://t.co/TDRW8Wi8k0,neutral
SustAIn: Sustainability Index for Artificial Intelligence   https://t.co/MS2EEQSvLq,negative
"RadNet's Artificial Intelligence Subsidiary, DeepHealth, Announces FDA Clearance for its AI Mammography Triage Software - GlobeNewswire: RadNet's Artificial Intelligence Subsidiary, DeepHealth, Announces FDA‚Ä¶  https://t.co/E6goEjCcOC #AI #artificialintelligence #Finperform",negative
Elon Musk‚Äôs Neuralink could be implanted in human brains this year [ lets hope not ]  https://t.co/LeoIt436qG  #ai #artificialintelligence #machinelearning #deeplearning  @PawlowskiMario   @Ronald_vanLoon   @jblefevre60,neutral
Start to promote your products and services on Principaut√© de Monaco TV and reach over 7 million potential customers. With our #Artificialintelligence you can reach 400% conversion.  &gt;&gt;  Inquiry:  https://t.co/L1jUrJOcVn #advertising #shopping #tvchannel #marketing #MonteCarlo  https://t.co/qZU7sI7Pyq,neutral
Designed for automated quality control applications. By  @creaform3d  #IoT #IIoT #5G #AI #RPA #Robotics  #Industry40 #Machinelearning #3D #ArtificialIntelligence #Automation #Tech #innovation  Cc:  @andi_staub   @chboursin   @jblefevre60   @Nicochan33   @mvollmer1   @LouisSerge,neutral
"I made another Classical #Artwork reimagined by #ArtificialIntelligence  (#GAN)  Carl Bloch, In a Roman Osteria, 1866.  #AI #neuralnetworks #generativeart #paintings #arthistory #museum #Copenhagen  https://t.co/qW5c8jUwdg",neutral
Which Company Uses the Most of Your #Data ‚ùì üëâüèΩ https://t.co/5kTgaun2n4  #CyberSecurity #Privacy #DataProtection #DataSecurity #GDPR #ArtificialIntelligence #AI #ML #SocialMedia #Cloud #Serverless #IoT #IoTPL #IIoT #BigData #Analytics #DataScience #5G #AR #VR #tech #TechTrends #DX  https://t.co/ss8l3KUCW6,positive
#MotionControl #AI #MachineLearning #DigitalTransformation #IOT #Dashboard #ArtificialIntelligence #Manufacturing #Industry40,neutral
Will Artificial Intelligence Be Conscious? #MachineLearning #learning #startup via  https://t.co/bDTgBUrl56  https://t.co/cxmyd9EANx,negative
Top 10 AI Companies Twitter Accounts to Follow in 2021 #ArtificialIntelligence #ico via  https://t.co/hLF6CnnGye  https://t.co/7rLZQYvexr,positive
"Greek Hippocrates, Parsi Medics, Danske L√¶gel√∏fte, Humanism in combat against Sabbatian Frankist Skull &amp; Bones Vatican Roman Hashashin Ottoman Crown Illuminati Corona murder of Corvids Influence Artificial Intelligence Serpent Venom Golden Calf BLM Antifa Q Extinction CBRN Psyops",negative
#AI &amp; the use of #Robotics in the #HealthCare sector are gaining in popularity with the latest trends in #Studies &amp; concepts. #ArtificialIntelligence #Automation #MachineLearning #ML #DecisionMaking #Cyberknife #PARO  https://t.co/k3d417ATkx by @TheDailyPioneer,positive
Designed for automated quality control applications. By @creaform3d #IoT #IIoT #5G #AI #RPA #Robotics  #Industry40 #Machinelearning #3D #ArtificialIntelligence #Automation #Tech #innovation  Cc: @andi_staub @chboursin @jblefevre60 @Nicochan33 @mvollmer1 @LouisSerge,neutral
Tesselo help organizations manage their land resources more efficiently using satellite imagery and artificial intelligence.  https://t.co/DBKi28cv5q,negative
Implying AI in Business to Evolve from Minimum to Million #ArtificialIntelligence   https://t.co/mwy1ygAAzU,neutral
Google finally revived a beloved Maps feature that it killed years ago  https://t.co/oFREAkEbsg #ArtificialIntelligence #TechJunkieNews  https://t.co/jC2uuuuf5A,positive
Artificial Intelligence is useful as you must read at  https://t.co/CiTHjXXIic  https://t.co/tpz9eyTcaG #Ronald_teaches_Artificial_Intelligence  https://t.co/c8Pgx8vwiq,negative
Learn how both #data enrichment and #AI are critical to banks and financial services in caching evolving fraudsters. #artificialintelligence  https://t.co/SXKSSKNDlK,neutral
How cyber criminals use artificial intelligence to manipulate human behavior | #education | #computertraining  https://t.co/alGj56BdQx,negative
How cyber criminals use artificial intelligence to manipulate human behavior | #education | #computertraining  https://t.co/qMDbC4IoCa,negative
Elon Musk‚Äôs Neuralink could be implanted in human brains this year [ lets hope not ]  https://t.co/Jjg34pxBGy  #ai #artificialintelligence #machinelearning #deeplearning  @PawlowskiMario @Ronald_vanLoon @jblefevre60,neutral
We are very pleased to have successfully hosted the first Artificial Intelligence Workshop and Exhibition in Ethiopia.  We enjoy serving and contributing to your success.  #AddisAbaba #ethiopia #workshop #exhibition #hotel  https://t.co/v8LbjnHnuN,positive
"üëç Our real-time keyboard corrections will keep you safe from #grammar and #spelling mistakes.  üì± Using artificial intelligence, we will #proofread your writing wherever you write on your mobile.  Download our Android app here!  https://t.co/nzFJpVsJQV  https://t.co/Y8b3iTeTyh",positive
#linux #agile #work #development #design #research #ai #leadership #machinelearning #digitaltransformation #datascience #lean #automation #innovation #communications #training #rpa #artificialintelligence #deeplearning #ml   https://t.co/ZH615qMfXu,positive
¬øDe qu√© hablamos cuando hablamos de IA? ¬øQu√© significa que un producto o servicio aplique t√©cnicas de IA? ¬øCu√°l es el valor propuesto y cu√°l el generado? Para que la IA no sea solo el √∫ltimo hype.  #ArtificialIntelligence #voicefirst   https://t.co/4FU1jSjwSj,neutral
4 Ways #ArtificialIntelligence Can Improve Your #Marketing   @kashthefuturist @mvollmer1 @MikeQuindazzi @reach2ratan @Ronald_vanLoon @jblefevre60 @Fabriziobustama @gvalan @Paula_Piccard @HaroldSinnott @JGrobicki @kuriharan @KirkDBorne @AlanSee  https://t.co/4kNmCz51QE,neutral
#linux #agile #work #development #design #research #ai #leadership #machinelearning #digitaltransformation #datascience #lean #automation #innovation #communications #training #rpa #artificialintelligence #deeplearning #ml   https://t.co/JpAkhIaSCD,positive
7th International Conference on Artificial Intelligence and Applications (AIFU¬†2021)  https://t.co/uK95N1kDFM,negative
Ilmoittaudu nyt: Towards the Arctic 28.4. klo 14  https://t.co/WV8jlGjQDX #datacenter #futuredatasummit #cybersecurity #ArtificialIntelligence,neutral
#linux #agile #work #development #design #research #ai #leadership #machinelearning #digitaltransformation #datascience #lean #automation #innovation #communications #training #rpa #artificialintelligence #deeplearning #ml   https://t.co/5SOYQY6y6l,positive
#IA #AI #ArtificialIntelligence #MachineLearning #Technology #Tech,neutral
#linux #agile #work #development #design #research #ai #leadership #machinelearning #digitaltransformation #datascience #lean #automation #innovation #communications #training #rpa #artificialintelligence #deeplearning #ml   https://t.co/yhxhUbjO1w,positive
"RadNet‚Äôs Artificial Intelligence Subsidiary, DeepHealth, Announces FDA Clearance for its AI Mammography Triage Sof  https://t.co/X7jun4FO7z",negative
AI Pinpoints Local Pollution Hotspots Using Satellite Images  https://t.co/mPAUgR81yw via @YouTube #pollution #ArtificialIntelligence #environment #MachineLearning,neutral
"Workshop on the Theory of Overparameterized Machine Learning starts tomorrow and ends Wednesday!! Looks quite interesting, lots of nice talks and speakers. Registration is free (but limited). #MachineLearning  #ArtificialIntelligence  #Statistics    https://t.co/8j8Y7vkpPG",positive
Artificial intelligence is about to change how you buy lipstick (and other cosmetics) - TechRadar   https://t.co/QZhOJNI2x0  #ArtificialIntelligence #AI #DataScience #100DaysOfCode #Python #MachineLearning #BigData #DeepLearning #NLP #Robots #IoT,negative
Patent Considerations for Optimizing Immunotherapies with the Help of Artificial Intelligence - Lexology   https://t.co/NmQ3Jcbflg  #ArtificialIntelligence #AI #DataScience #100DaysOfCode #Python #MachineLearning #BigData #DeepLearning #NLP #Robots #IoT,negative
"The Universe Is a Machine That Keeps Learning, Scientists Say Basically, we live in one giant algorithm  https://t.co/SiSLw3IBHm  #ai #artificialintelligence #machinelearning #deeplearning #algorithm  @Paula_Piccard @Ronald_vanLoon",positive
Implying AI in Business to Evolve from Minimum to Million #ArtificialIntelligence   https://t.co/soUeXoj6M7,neutral
"$RDNT NEW ARTICLE : RadNet's Artificial Intelligence Subsidiary, DeepHealth, Announces FDA Clearance for its AI Mammography Triage Software  https://t.co/2vgnDeHyEE Get all the latest $RDNT related news here :  https://t.co/QniCB8g65s  https://t.co/trsU6ukm2h",positive
"If you believe Computations, Information, or Complexity will burst into Aware Consciousness during some sort of Technological Singularity then you are being scammed. #AI #ArtificialIntelligence #Mind #Consciousness #Philosophy",positive
@thehill After hearing all her bull..t I am definitely ready for artificial intelligence.Human ‚Äúintelligence‚Äùis to hard for me to understand !,negative
"$RDNT Radnet‚ÄôS Artificial Intelligence Subsidiary, Deephealth, Announces Fda Clearance For Its Ai Mammography Triage Software  https://t.co/sge0odcKJx",negative
‚ÄòRobots can be our partners‚Äô #ArtificialIntelligence #robot  @AffinityInitia1   @AmitChampaneri1   @MikeLaurenson3   @CurieuxExplorer   @shanesmith30  https://t.co/VsuZLORihe,neutral
"$RDNT [15s. delayed]: Issued Press Release on April 19, 06:00:00: RadNet‚Äôs Artificial Intelligence Subsidiary, DeepHealth, Announces FDA Clearance for its AI Mammography Triage Software  https://t.co/0qwkgJJkX4",negative
"Huawei Kenya and @UnescoEast have partnered to provide #ArtificialIntelligence training and Certifications to 71 University faculty members from Kenya, Ethiopia, Uganda, Rwanda and 4 other East African countries.  The training will run for 5 days starting today.  https://t.co/qTQczhQNKI",negative
An Abu Dhabi firm led by the UAE‚Äôs national security adviser has set up a venture with Israel‚Äôs Rafael Advanced Defense Systems to develop Artificial Intelligence and big data analysis for sectors including health and public safety.  https://t.co/e4jp2yJjzd,negative
"üì£Job Opportunity üì£PhD Position @uzh_ikmz #scicomm team  Want to do a 3yr PhD in an international research project on ""#IMAGINARIES OF ARTIFICIAL INTELLIGENCE"" w/ me, @Meg_Zeng @ckatzenbach et al?   More on project   https://t.co/CaDzlo7Ny3  Apply until May 3‚É£1‚É£. Detailsüëá  https://t.co/UP6JjRXpNI",negative
